59.263431549072266,10.746966361999512,1.363,1647000621310,5.599999904632568
0.0,0.0,1.363,1647000621549,5.599999904632568
0.0,0.0,1.415,1647000621619,5.599999904632568
0.0,0.0,1.384,1647000621693,5.599999904632568
0.0,0.0,1.404,1647000621849,5.599999904632568
0.0,0.0,1.394,1647000622038,5.599999904632568
0.0,0.0,1.404,1647000622284,5.599999904632568
59.263431549072266,10.74696159362793,1.404,1647000622284,5.599999904632568
0.0,0.0,1.394,1647000622357,5.599999904632568
0.0,0.0,1.394,1647000622429,5.599999904632568
0.0,0.0,1.415,1647000622494,5.599999904632568
0.0,0.0,1.415,1647000622564,5.599999904632568
0.0,0.0,1.425,1647000622819,5.599999904632568
0.0,0.0,1.415,1647000623012,5.599999904632568
0.0,0.0,1.404,1647000623256,5.599999904632568
59.263431549072266,10.74696159362793,1.404,1647000623256,5.599999904632568
0.0,0.0,1.394,1647000623327,5.599999904632568
0.0,0.0,1.394,1647000623396,5.599999904632568
0.0,0.0,1.384,1647000623469,5.599999904632568
0.0,0.0,1.384,1647000623535,5.599999904632568
0.0,0.0,1.352,1647000623604,5.599999904632568
0.0,0.0,1.363,1647000623794,5.599999904632568
0.0,0.0,1.363,1647000623986,5.599999904632568
0.0,0.0,1.332,1647000624232,5.599999904632568
59.263431549072266,10.746959686279297,1.332,1647000624232,5.599999904632568
0.0,0.0,1.321,1647000624304,5.599999904632568
0.0,0.0,1.311,1647000624375,5.599999904632568
0.0,0.0,1.311,1647000624445,5.599999904632568
0.0,0.0,1.311,1647000624512,5.599999904632568
0.0,0.0,1.311,1647000624584,5.599999904632568
0.0,0.0,1.3,1647000624663,5.599999904632568
0.0,0.0,1.311,1647000624725,5.599999904632568
0.0,0.0,1.321,1647000624792,5.599999904632568
0.0,0.0,1.321,1647000624863,5.599999904632568
0.0,0.0,1.332,1647000624933,5.599999904632568
0.0,0.0,1.311,1647000625137,5.599999904632568
0.0,0.0,1.321,1647000625329,5.599999904632568
59.263431549072266,10.74695873260498,1.321,1647000625329,5.599999904632568
0.0,0.0,1.321,1647000625399,5.599999904632568
0.0,0.0,1.321,1647000625468,5.599999904632568
0.0,0.0,1.342,1647000625542,5.599999904632568
0.0,0.0,1.415,1647000625793,5.599999904632568
0.0,0.0,1.436,1647000625984,5.599999904632568
0.0,0.0,1.425,1647000626177,5.599999904632568
0.0,0.0,1.425,1647000626242,5.599999904632568
59.263431549072266,10.746956825256348,1.425,1647000626242,5.599999904632568
0.0,0.0,1.425,1647000626311,5.599999904632568
0.0,0.0,1.425,1647000626382,5.599999904632568
0.0,0.0,1.404,1647000626452,5.599999904632568
0.0,0.0,1.404,1647000626521,5.599999904632568
0.0,0.0,1.404,1647000626592,5.599999904632568
0.0,0.0,1.456,1647000626808,5.599999904632568
0.0,0.0,1.446,1647000626996,5.599999904632568
0.0,0.0,1.477,1647000627184,5.599999904632568
0.0,0.0,1.384,1647000627299,5.599999904632568
59.263431549072266,10.74695873260498,1.384,1647000627299,5.599999904632568
0.0,0.0,1.384,1647000627330,5.599999904632568
0.0,0.0,1.404,1647000627397,5.599999904632568
0.0,0.0,1.394,1647000627463,5.599999904632568
0.0,0.0,1.394,1647000627537,5.599999904632568
0.0,0.0,1.394,1647000627603,5.599999904632568
0.0,0.0,1.404,1647000627822,5.599999904632568
0.0,0.0,1.415,1647000627892,5.599999904632568
0.0,0.0,1.415,1647000628103,5.599999904632568
0.0,0.0,1.373,1647000628293,5.599999904632568
59.26343536376953,10.74695873260498,1.373,1647000628293,5.599999904632568
0.0,0.0,1.404,1647000628364,5.599999904632568
0.0,0.0,1.352,1647000628432,5.599999904632568
0.0,0.0,1.404,1647000628501,5.599999904632568
0.0,0.0,1.456,1647000628571,5.599999904632568
0.0,0.0,1.425,1647000628796,5.599999904632568
0.0,0.0,1.425,1647000628984,5.599999904632568
0.0,0.0,1.436,1647000629306,5.599999904632568
59.2634391784668,10.74695873260498,1.436,1647000629306,5.599999904632568
0.0,0.0,1.436,1647000629326,5.599999904632568
0.0,0.0,1.436,1647000629382,5.599999904632568
0.0,0.0,1.415,1647000629448,5.599999904632568
0.0,0.0,1.394,1647000629516,5.599999904632568
0.0,0.0,1.415,1647000629582,5.599999904632568
0.0,0.0,1.394,1647000629655,5.599999904632568
0.0,0.0,1.425,1647000629725,5.599999904632568
0.0,0.0,1.425,1647000629794,5.599999904632568
0.0,0.0,1.363,1647000629863,5.599999904632568
0.0,0.0,1.384,1647000629949,5.599999904632568
0.0,0.0,1.394,1647000630142,5.599999904632568
0.0,0.0,1.384,1647000630212,5.599999904632568
59.26344299316406,10.74695873260498,1.384,1647000630212,5.599999904632568
0.0,0.0,1.352,1647000630287,5.599999904632568
0.0,0.0,1.363,1647000630354,5.599999904632568
0.0,0.0,1.373,1647000630426,5.599999904632568
0.0,0.0,1.373,1647000630496,5.599999904632568
0.0,0.0,1.373,1647000630563,5.599999904632568
0.0,0.0,1.384,1647000630764,5.599999904632568
0.0,0.0,1.373,1647000630956,5.599999904632568
0.0,0.0,1.373,1647000631143,5.599999904632568
0.0,0.0,1.415,1647000631333,5.599999904632568
59.26344680786133,10.746959686279297,1.415,1647000631333,5.599999904632568
0.0,0.0,1.415,1647000631408,5.599999904632568
0.0,0.0,1.425,1647000631474,5.599999904632568
0.0,0.0,1.446,1647000631541,5.599999904632568
0.0,0.0,1.456,1647000631612,5.599999904632568
0.0,0.0,1.436,1647000631808,5.599999904632568
0.0,0.0,1.467,1647000631995,5.599999904632568
0.0,0.0,1.467,1647000632065,5.599999904632568
0.0,0.0,1.425,1647000632134,5.599999904632568
0.0,0.0,1.446,1647000632206,5.599999904632568
59.26344680786133,10.746963500976562,1.446,1647000632206,5.599999904632568
0.0,0.0,1.488,1647000632278,5.599999904632568
0.0,0.0,1.54,1647000632349,5.599999904632568
0.0,0.0,1.571,1647000632418,5.599999904632568
0.0,0.0,1.602,1647000632485,5.599999904632568
0.0,0.0,1.592,1647000632557,5.599999904632568
0.0,0.0,1.602,1647000632631,5.599999904632568
0.0,0.0,1.592,1647000632699,5.599999904632568
0.0,0.0,1.623,1647000632764,5.599999904632568
0.0,0.0,1.592,1647000632835,5.599999904632568
0.0,0.0,1.613,1647000632905,5.599999904632568
0.0,0.0,1.613,1647000632979,5.599999904632568
0.0,0.0,1.561,1647000633046,5.599999904632568
0.0,0.0,1.519,1647000633114,5.599999904632568
0.0,0.0,1.488,1647000633184,5.599999904632568
0.0,0.0,1.446,1647000633259,5.599999904632568
59.26344680786133,10.746970176696777,1.446,1647000633259,5.599999904632568
0.0,0.0,1.363,1647000633327,5.599999904632568
0.0,0.0,1.394,1647000633398,5.599999904632568
0.0,0.0,1.363,1647000633466,5.599999904632568
0.0,0.0,1.352,1647000633534,5.599999904632568
0.0,0.0,1.29,1647000633604,5.599999904632568
0.0,0.0,1.238,1647000633676,5.599999904632568
0.0,0.0,1.259,1647000633746,5.599999904632568
0.0,0.0,1.248,1647000633814,5.599999904632568
0.0,0.0,1.259,1647000633884,5.599999904632568
0.0,0.0,1.269,1647000633957,5.599999904632568
0.0,0.0,1.311,1647000634024,5.599999904632568
0.0,0.0,1.332,1647000634095,5.599999904632568
0.0,0.0,1.436,1647000634166,5.599999904632568
0.0,0.0,1.352,1647000634235,5.599999904632568
0.0,0.0,1.373,1647000634306,5.599999904632568
59.26344680786133,10.74697494506836,1.373,1647000634306,5.599999904632568
0.0,0.0,1.394,1647000634379,5.599999904632568
0.0,0.0,1.436,1647000634448,5.599999904632568
0.0,0.0,1.529,1647000634518,5.599999904632568
0.0,0.0,1.488,1647000634584,5.599999904632568
0.0,0.0,1.498,1647000634654,5.599999904632568
0.0,0.0,1.509,1647000634724,5.599999904632568
0.0,0.0,1.498,1647000634796,5.599999904632568
0.0,0.0,1.529,1647000634865,5.599999904632568
0.0,0.0,1.509,1647000634936,5.599999904632568
0.0,0.0,1.488,1647000635004,5.599999904632568
0.0,0.0,1.581,1647000635074,5.599999904632568
0.0,0.0,1.602,1647000635144,5.599999904632568
0.0,0.0,1.623,1647000635214,5.599999904632568
0.0,0.0,1.592,1647000635286,5.599999904632568
59.26344680786133,10.746979713439941,1.592,1647000635286,5.599999904632568
0.0,0.0,1.581,1647000635356,5.599999904632568
0.0,0.0,1.602,1647000635424,5.599999904632568
0.0,0.0,1.571,1647000635499,5.599999904632568
0.0,0.0,1.592,1647000635564,5.599999904632568
0.0,0.0,1.571,1647000635636,5.599999904632568
0.0,0.0,1.529,1647000635710,5.599999904632568
0.0,0.0,1.54,1647000635774,5.599999904632568
0.0,0.0,1.561,1647000635846,5.599999904632568
0.0,0.0,1.519,1647000635915,5.599999904632568
0.0,0.0,1.477,1647000635987,5.599999904632568
0.0,0.0,1.415,1647000636054,5.599999904632568
0.0,0.0,1.425,1647000636126,5.599999904632568
0.0,0.0,1.394,1647000636197,5.599999904632568
0.0,0.0,1.446,1647000636353,5.599999904632568
0.0,0.0,1.456,1647000636360,5.599999904632568
59.263450622558594,10.74698543548584,1.456,1647000636360,5.599999904632568
0.0,0.0,1.467,1647000636426,5.599999904632568
0.0,0.0,1.488,1647000636588,5.599999904632568
0.0,0.0,1.498,1647000636596,5.599999904632568
0.0,0.0,1.561,1647000636623,5.599999904632568
0.0,0.0,1.561,1647000636684,5.599999904632568
0.0,0.0,1.55,1647000636754,5.599999904632568
0.0,0.0,1.561,1647000636829,5.599999904632568
0.0,0.0,1.581,1647000636895,5.599999904632568
0.0,0.0,1.571,1647000636966,5.599999904632568
0.0,0.0,1.592,1647000637036,5.599999904632568
0.0,0.0,1.571,1647000637107,5.599999904632568
0.0,0.0,1.529,1647000637176,5.599999904632568
0.0,0.0,1.509,1647000637244,5.599999904632568
0.0,0.0,1.498,1647000637315,5.599999904632568
59.263450622558594,10.74699878692627,1.498,1647000637315,5.599999904632568
0.0,0.0,1.55,1647000637388,5.599999904632568
0.0,0.0,1.467,1647000637457,5.599999904632568
0.0,0.0,1.498,1647000637529,5.599999904632568
0.0,0.0,1.509,1647000637595,5.599999904632568
0.0,0.0,1.529,1647000637665,5.599999904632568
0.0,0.0,1.519,1647000637739,5.599999904632568
0.0,0.0,1.54,1647000637804,5.599999904632568
0.0,0.0,1.571,1647000637874,5.599999904632568
0.0,0.0,1.561,1647000637946,5.599999904632568
0.0,0.0,1.571,1647000638016,5.599999904632568
0.0,0.0,1.529,1647000638085,5.599999904632568
0.0,0.0,1.467,1647000638154,5.599999904632568
0.0,0.0,1.425,1647000638225,5.599999904632568
0.0,0.0,1.456,1647000638294,5.599999904632568
0.0,0.0,1.446,1647000638369,5.599999904632568
59.26345443725586,10.747003555297852,1.446,1647000638369,5.599999904632568
0.0,0.0,1.436,1647000638444,5.599999904632568
0.0,0.0,1.363,1647000638506,5.599999904632568
0.0,0.0,1.373,1647000638578,5.599999904632568
0.0,0.0,1.352,1647000638650,5.599999904632568
0.0,0.0,1.269,1647000638715,5.599999904632568
0.0,0.0,1.28,1647000638789,5.599999904632568
0.0,0.0,1.269,1647000638854,5.599999904632568
0.0,0.0,1.332,1647000638924,5.599999904632568
0.0,0.0,1.342,1647000638995,5.599999904632568
0.0,0.0,1.29,1647000639064,5.599999904632568
0.0,0.0,1.3,1647000639135,5.599999904632568
0.0,0.0,1.259,1647000639205,5.599999904632568
0.0,0.0,1.238,1647000639274,5.599999904632568
0.0,0.0,1.207,1647000639346,5.599999904632568
59.263458251953125,10.747010231018066,1.207,1647000639346,5.599999904632568
0.0,0.0,1.207,1647000639416,5.599999904632568
0.0,0.0,1.186,1647000639486,5.599999904632568
0.0,0.0,1.228,1647000639557,5.599999904632568
0.0,0.0,1.196,1647000639626,5.599999904632568
0.0,0.0,1.207,1647000639694,5.599999904632568
0.0,0.0,1.123,1647000639768,5.599999904632568
0.0,0.0,1.123,1647000639834,5.599999904632568
0.0,0.0,1.165,1647000639905,5.599999904632568
0.0,0.0,1.144,1647000639979,5.599999904632568
0.0,0.0,1.196,1647000640045,5.599999904632568
0.0,0.0,1.259,1647000640118,5.599999904632568
0.0,0.0,1.321,1647000640185,5.599999904632568
0.0,0.0,1.29,1647000640255,5.599999904632568
0.0,0.0,1.3,1647000640324,5.599999904632568
59.263458251953125,10.747014999389648,1.3,1647000640324,5.599999904632568
0.0,0.0,1.352,1647000640396,5.599999904632568
0.0,0.0,1.404,1647000640469,5.599999904632568
0.0,0.0,1.436,1647000640536,5.599999904632568
0.0,0.0,1.456,1647000640604,5.599999904632568
0.0,0.0,1.488,1647000640674,5.599999904632568
0.0,0.0,1.488,1647000640753,5.599999904632568
0.0,0.0,1.498,1647000640814,5.599999904632568
0.0,0.0,1.425,1647000640884,5.599999904632568
0.0,0.0,1.373,1647000640955,5.599999904632568
0.0,0.0,1.363,1647000641026,5.599999904632568
0.0,0.0,1.384,1647000641096,5.599999904632568
0.0,0.0,1.384,1647000641166,5.599999904632568
0.0,0.0,1.363,1647000641236,5.599999904632568
0.0,0.0,1.394,1647000641305,5.599999904632568
59.263458251953125,10.74701976776123,1.394,1647000641305,5.599999904632568
0.0,0.0,1.404,1647000641376,5.599999904632568
0.0,0.0,1.446,1647000641446,5.599999904632568
0.0,0.0,1.404,1647000641521,5.599999904632568
0.0,0.0,1.425,1647000641587,5.599999904632568
0.0,0.0,1.404,1647000641654,5.599999904632568
0.0,0.0,1.456,1647000641728,5.599999904632568
0.0,0.0,1.498,1647000641798,5.599999904632568
0.0,0.0,1.488,1647000641865,5.599999904632568
0.0,0.0,1.519,1647000641935,5.599999904632568
0.0,0.0,1.519,1647000642004,5.599999904632568
0.0,0.0,1.477,1647000642074,5.599999904632568
0.0,0.0,1.436,1647000642145,5.599999904632568
0.0,0.0,1.446,1647000642214,5.599999904632568
0.0,0.0,1.425,1647000642284,5.599999904632568
0.0,0.0,1.488,1647000642355,5.599999904632568
59.263458251953125,10.747026443481445,1.488,1647000642355,5.599999904632568
0.0,0.0,1.488,1647000642427,5.599999904632568
0.0,0.0,1.55,1647000642499,5.599999904632568
0.0,0.0,1.54,1647000642570,5.599999904632568
0.0,0.0,1.477,1647000642635,5.599999904632568
0.0,0.0,1.498,1647000642706,5.599999904632568
0.0,0.0,1.467,1647000642776,5.599999904632568
0.0,0.0,1.498,1647000642845,5.599999904632568
0.0,0.0,1.519,1647000642916,5.599999904632568
0.0,0.0,1.529,1647000642993,5.599999904632568
0.0,0.0,1.519,1647000643056,5.599999904632568
0.0,0.0,1.519,1647000643125,5.599999904632568
0.0,0.0,1.519,1647000643195,5.599999904632568
0.0,0.0,1.509,1647000643264,5.599999904632568
0.0,0.0,1.477,1647000643335,5.599999904632568
59.26346206665039,10.74703311920166,1.477,1647000643335,5.599999904632568
0.0,0.0,1.488,1647000643404,5.599999904632568
0.0,0.0,1.509,1647000643476,5.599999904632568
0.0,0.0,1.498,1647000643548,5.599999904632568
0.0,0.0,1.519,1647000643617,5.599999904632568
0.0,0.0,1.467,1647000643688,5.599999904632568
0.0,0.0,1.498,1647000643756,5.599999904632568
0.0,0.0,1.519,1647000643824,5.599999904632568
0.0,0.0,1.529,1647000643895,5.599999904632568
0.0,0.0,1.467,1647000643965,5.599999904632568
0.0,0.0,1.467,1647000644035,5.599999904632568
0.0,0.0,1.446,1647000644106,5.599999904632568
0.0,0.0,1.446,1647000644176,5.599999904632568
0.0,0.0,1.436,1647000644244,5.599999904632568
0.0,0.0,1.425,1647000644315,5.599999904632568
59.26346206665039,10.747037887573242,1.425,1647000644315,5.599999904632568
0.0,0.0,1.404,1647000644386,5.599999904632568
0.0,0.0,1.363,1647000644458,5.599999904632568
0.0,0.0,1.373,1647000644526,5.599999904632568
0.0,0.0,1.332,1647000644594,5.599999904632568
0.0,0.0,1.28,1647000644666,5.599999904632568
0.0,0.0,1.29,1647000644739,5.599999904632568
0.0,0.0,1.384,1647000644805,5.599999904632568
0.0,0.0,1.384,1647000644874,5.599999904632568
0.0,0.0,1.446,1647000644944,5.599999904632568
0.0,0.0,1.446,1647000645014,5.599999904632568
0.0,0.0,1.488,1647000645084,5.599999904632568
0.0,0.0,1.54,1647000645155,5.599999904632568
0.0,0.0,1.571,1647000645226,5.599999904632568
0.0,0.0,1.592,1647000645295,5.599999904632568
59.26346206665039,10.747044563293457,1.592,1647000645295,5.599999904632568
0.0,0.0,1.633,1647000645369,5.599999904632568
0.0,0.0,1.613,1647000645435,5.599999904632568
0.0,0.0,1.581,1647000645506,5.599999904632568
0.0,0.0,1.571,1647000645575,5.599999904632568
0.0,0.0,1.509,1647000645644,5.599999904632568
0.0,0.0,1.55,1647000645716,5.599999904632568
0.0,0.0,1.498,1647000645784,5.599999904632568
0.0,0.0,1.477,1647000645854,5.599999904632568
0.0,0.0,1.446,1647000645924,5.599999904632568
0.0,0.0,1.384,1647000645999,5.599999904632568
0.0,0.0,1.373,1647000646067,5.599999904632568
0.0,0.0,1.404,1647000646134,5.599999904632568
0.0,0.0,1.394,1647000646206,5.599999904632568
0.0,0.0,1.425,1647000646275,5.599999904632568
0.0,0.0,1.446,1647000646348,5.599999904632568
59.263458251953125,10.747050285339355,1.446,1647000646348,5.599999904632568
0.0,0.0,1.456,1647000646418,5.599999904632568
0.0,0.0,1.477,1647000646484,5.599999904632568
0.0,0.0,1.446,1647000646556,5.599999904632568
0.0,0.0,1.477,1647000646624,5.599999904632568
0.0,0.0,1.456,1647000646694,5.599999904632568
0.0,0.0,1.529,1647000646769,5.599999904632568
0.0,0.0,1.581,1647000646834,5.599999904632568
0.0,0.0,1.571,1647000646906,5.599999904632568
0.0,0.0,1.581,1647000646976,5.599999904632568
0.0,0.0,1.561,1647000647044,5.599999904632568
0.0,0.0,1.488,1647000647114,5.599999904632568
0.0,0.0,1.456,1647000647185,5.599999904632568
0.0,0.0,1.415,1647000647254,5.599999904632568
0.0,0.0,1.384,1647000647326,5.599999904632568
59.263458251953125,10.747055053710938,1.384,1647000647326,5.599999904632568
0.0,0.0,1.384,1647000647396,5.599999904632568
0.0,0.0,1.321,1647000647468,5.599999904632568
0.0,0.0,1.321,1647000647535,5.599999904632568
0.0,0.0,1.321,1647000647605,5.599999904632568
0.0,0.0,1.311,1647000647674,5.599999904632568
0.0,0.0,1.363,1647000647752,5.599999904632568
0.0,0.0,1.363,1647000647818,5.599999904632568
0.0,0.0,1.363,1647000647884,5.599999904632568
0.0,0.0,1.394,1647000647955,5.599999904632568
0.0,0.0,1.425,1647000648026,5.599999904632568
0.0,0.0,1.467,1647000648095,5.599999904632568
0.0,0.0,1.488,1647000648165,5.599999904632568
0.0,0.0,1.55,1647000648235,5.599999904632568
0.0,0.0,1.613,1647000648307,5.599999904632568
59.263458251953125,10.747050285339355,1.613,1647000648307,5.599999904632568
0.0,0.0,1.633,1647000648379,5.599999904632568
0.0,0.0,1.613,1647000648445,5.599999904632568
0.0,0.0,1.706,1647000648516,5.599999904632568
0.0,0.0,1.685,1647000648585,5.599999904632568
0.0,0.0,1.706,1647000648658,5.599999904632568
0.0,0.0,1.706,1647000648732,5.599999904632568
0.0,0.0,1.665,1647000648796,5.599999904632568
0.0,0.0,1.623,1647000648865,5.599999904632568
0.0,0.0,1.613,1647000648936,5.599999904632568
0.0,0.0,1.592,1647000649008,5.599999904632568
0.0,0.0,1.54,1647000649074,5.599999904632568
0.0,0.0,1.488,1647000649148,5.599999904632568
0.0,0.0,1.456,1647000649217,5.599999904632568
0.0,0.0,1.456,1647000649285,5.599999904632568
0.0,0.0,1.394,1647000649358,5.599999904632568
59.263458251953125,10.74704360961914,1.394,1647000649358,5.599999904632568
0.0,0.0,1.352,1647000649425,5.599999904632568
0.0,0.0,1.321,1647000649496,5.599999904632568
0.0,0.0,1.269,1647000649564,5.599999904632568
0.0,0.0,1.238,1647000649634,5.599999904632568
0.0,0.0,1.3,1647000649706,5.599999904632568
0.0,0.0,1.3,1647000649776,5.599999904632568
0.0,0.0,1.228,1647000649985,5.599999904632568
0.0,0.0,1.217,1647000650054,5.599999904632568
0.0,0.0,1.259,1647000650132,5.599999904632568
0.0,0.0,1.228,1647000650194,5.599999904632568
0.0,0.0,1.207,1647000650265,5.599999904632568
0.0,0.0,1.207,1647000650335,5.599999904632568
59.263458251953125,10.747036933898926,1.207,1647000650335,5.599999904632568
0.0,0.0,1.196,1647000650407,5.599999904632568
0.0,0.0,1.155,1647000650483,5.599999904632568
0.0,0.0,1.228,1647000650549,5.599999904632568
0.0,0.0,1.248,1647000650620,5.599999904632568
0.0,0.0,1.196,1647000650686,5.599999904632568
0.0,0.0,1.165,1647000650760,5.599999904632568
0.0,0.0,1.155,1647000650824,5.599999904632568
0.0,0.0,1.123,1647000650895,5.599999904632568
0.0,0.0,1.113,1647000650964,5.599999904632568
0.0,0.0,1.092,1647000651035,5.599999904632568
0.0,0.0,1.051,1647000651106,5.599999904632568
0.0,0.0,1.051,1647000651174,5.599999904632568
0.0,0.0,1.071,1647000651244,5.599999904632568
0.0,0.0,1.103,1647000651316,5.599999904632568
59.26345443725586,10.747026443481445,1.103,1647000651316,5.599999904632568
0.0,0.0,1.061,1647000651388,5.599999904632568
0.0,0.0,1.061,1647000651458,5.599999904632568
0.0,0.0,1.061,1647000651531,5.599999904632568
0.0,0.0,1.071,1647000651595,5.599999904632568
0.0,0.0,1.082,1647000651665,5.599999904632568
0.0,0.0,1.103,1647000651739,5.599999904632568
0.0,0.0,1.082,1647000651808,5.599999904632568
0.0,0.0,1.165,1647000651876,5.599999904632568
0.0,0.0,1.269,1647000651948,5.599999904632568
0.0,0.0,1.29,1647000652018,5.599999904632568
0.0,0.0,1.269,1647000652087,5.599999904632568
0.0,0.0,1.269,1647000652158,5.599999904632568
0.0,0.0,1.228,1647000652228,5.599999904632568
0.0,0.0,1.186,1647000652297,5.599999904632568
59.263450622558594,10.747017860412598,1.186,1647000652297,5.599999904632568
0.0,0.0,1.165,1647000652366,5.599999904632568
0.0,0.0,1.165,1647000652439,5.599999904632568
0.0,0.0,1.238,1647000652511,5.599999904632568
0.0,0.0,1.207,1647000652576,5.599999904632568
0.0,0.0,1.269,1647000652648,5.599999904632568
0.0,0.0,1.228,1647000652721,5.599999904632568
0.0,0.0,1.103,1647000652789,5.599999904632568
0.0,0.0,1.103,1647000652856,5.599999904632568
0.0,0.0,1.113,1647000652926,5.599999904632568
0.0,0.0,1.061,1647000652997,5.599999904632568
0.0,0.0,1.144,1647000653067,5.599999904632568
0.0,0.0,1.217,1647000653137,5.599999904632568
0.0,0.0,1.217,1647000653206,5.599999904632568
0.0,0.0,1.217,1647000653276,5.599999904632568
0.0,0.0,1.155,1647000653348,5.599999904632568
59.263450622558594,10.747013092041016,1.155,1647000653348,5.599999904632568
0.0,0.0,1.228,1647000653430,5.599999904632568
0.0,0.0,1.196,1647000653562,5.599999904632568
0.0,0.0,1.175,1647000653630,5.599999904632568
0.0,0.0,1.269,1647000653698,5.599999904632568
0.0,0.0,1.269,1647000653774,5.599999904632568
0.0,0.0,1.269,1647000653839,5.599999904632568
0.0,0.0,1.363,1647000653908,5.599999904632568
0.0,0.0,1.332,1647000653983,5.599999904632568
0.0,0.0,1.248,1647000654047,5.599999904632568
0.0,0.0,1.248,1647000654118,5.599999904632568
0.0,0.0,1.248,1647000654192,5.599999904632568
0.0,0.0,1.248,1647000654258,5.599999904632568
0.0,0.0,1.217,1647000654327,5.599999904632568
59.263450622558594,10.7470064163208,1.217,1647000654327,5.599999904632568
0.0,0.0,1.217,1647000654401,5.599999904632568
0.0,0.0,1.238,1647000654468,5.599999904632568
0.0,0.0,1.186,1647000654539,5.599999904632568
0.0,0.0,1.207,1647000654609,5.599999904632568
0.0,0.0,1.186,1647000654676,5.599999904632568
0.0,0.0,1.123,1647000654752,5.599999904632568
0.0,0.0,1.092,1647000654816,5.599999904632568
0.0,0.0,1.144,1647000654886,5.599999904632568
0.0,0.0,1.144,1647000654961,5.599999904632568
0.0,0.0,1.144,1647000655028,5.599999904632568
0.0,0.0,1.113,1647000655098,5.599999904632568
0.0,0.0,1.071,1647000655169,5.599999904632568
0.0,0.0,1.04,1647000655236,5.599999904632568
0.0,0.0,1.061,1647000655308,5.599999904632568
59.26345443725586,10.746999740600586,1.061,1647000655308,5.599999904632568
0.0,0.0,1.071,1647000655380,5.599999904632568
0.0,0.0,1.04,1647000655448,5.599999904632568
0.0,0.0,1.082,1647000655522,5.599999904632568
0.0,0.0,1.123,1647000655587,5.599999904632568
0.0,0.0,1.134,1647000655656,5.599999904632568
0.0,0.0,1.103,1647000655731,5.599999904632568
0.0,0.0,1.092,1647000655801,5.599999904632568
0.0,0.0,1.092,1647000655866,5.599999904632568
0.0,0.0,1.134,1647000655937,5.599999904632568
0.0,0.0,1.196,1647000656007,5.599999904632568
0.0,0.0,1.228,1647000656076,5.599999904632568
0.0,0.0,1.186,1647000656148,5.599999904632568
0.0,0.0,1.175,1647000656217,5.599999904632568
0.0,0.0,1.155,1647000656288,5.599999904632568
0.0,0.0,1.103,1647000656357,5.599999904632568
59.263450622558594,10.746992111206055,1.103,1647000656357,5.599999904632568
0.0,0.0,1.061,1647000656428,5.599999904632568
0.0,0.0,1.123,1647000656498,5.599999904632568
0.0,0.0,1.186,1647000656568,5.599999904632568
0.0,0.0,1.186,1647000656637,5.599999904632568
0.0,0.0,1.186,1647000656710,5.599999904632568
0.0,0.0,1.175,1647000656780,5.599999904632568
0.0,0.0,1.175,1647000656849,5.599999904632568
0.0,0.0,1.196,1647000656918,5.599999904632568
0.0,0.0,1.248,1647000656988,5.599999904632568
0.0,0.0,1.228,1647000657056,5.599999904632568
0.0,0.0,1.3,1647000657127,5.599999904632568
0.0,0.0,1.373,1647000657196,5.599999904632568
0.0,0.0,1.415,1647000657269,5.599999904632568
0.0,0.0,1.373,1647000657338,5.599999904632568
59.26344680786133,10.746988296508789,1.373,1647000657338,5.599999904632568
0.0,0.0,1.332,1647000657411,5.599999904632568
0.0,0.0,1.3,1647000657478,5.599999904632568
0.0,0.0,1.269,1647000657549,5.599999904632568
0.0,0.0,1.259,1647000657618,5.599999904632568
0.0,0.0,1.217,1647000657687,5.599999904632568
0.0,0.0,1.175,1647000657762,5.599999904632568
0.0,0.0,1.155,1647000657828,5.599999904632568
0.0,0.0,1.165,1647000657898,5.599999904632568
0.0,0.0,1.144,1647000657969,5.599999904632568
0.0,0.0,1.071,1647000658038,5.599999904632568
0.0,0.0,1.103,1647000658110,5.599999904632568
0.0,0.0,1.071,1647000658183,5.599999904632568
0.0,0.0,1.061,1647000658248,5.599999904632568
0.0,0.0,1.103,1647000658318,5.599999904632568
59.26344680786133,10.746983528137207,1.103,1647000658318,5.599999904632568
0.0,0.0,1.144,1647000658389,5.599999904632568
0.0,0.0,1.123,1647000658459,5.599999904632568
0.0,0.0,1.186,1647000658528,5.599999904632568
0.0,0.0,1.196,1647000658777,5.599999904632568
0.0,0.0,1.175,1647000658786,5.599999904632568
0.0,0.0,1.207,1647000658791,5.599999904632568
0.0,0.0,1.186,1647000658813,5.599999904632568
0.0,0.0,1.217,1647000658879,5.599999904632568
0.0,0.0,1.144,1647000658948,5.599999904632568
0.0,0.0,1.186,1647000659020,5.599999904632568
0.0,0.0,1.155,1647000659089,5.599999904632568
0.0,0.0,1.175,1647000659156,5.599999904632568
0.0,0.0,1.165,1647000659227,5.599999904632568
0.0,0.0,1.228,1647000659296,5.599999904632568
0.0,0.0,1.155,1647000659370,5.599999904632568
59.263450622558594,10.746976852416992,1.155,1647000659370,5.599999904632568
0.0,0.0,1.155,1647000659438,5.599999904632568
0.0,0.0,1.175,1647000659510,5.599999904632568
0.0,0.0,1.103,1647000659578,5.599999904632568
0.0,0.0,1.071,1647000659646,5.599999904632568
0.0,0.0,1.092,1647000659716,5.599999904632568
0.0,0.0,1.155,1647000659795,5.599999904632568
0.0,0.0,1.175,1647000659861,5.599999904632568
0.0,0.0,1.217,1647000659926,5.599999904632568
0.0,0.0,1.196,1647000659998,5.599999904632568
0.0,0.0,1.238,1647000660068,5.599999904632568
0.0,0.0,1.196,1647000660136,5.599999904632568
0.0,0.0,1.269,1647000660206,5.599999904632568
0.0,0.0,1.259,1647000660276,5.599999904632568
0.0,0.0,1.259,1647000660350,5.599999904632568
59.26344680786133,10.746970176696777,1.259,1647000660350,5.599999904632568
0.0,0.0,1.342,1647000660422,5.599999904632568
0.0,0.0,1.415,1647000660492,5.599999904632568
0.0,0.0,1.436,1647000660560,5.599999904632568
0.0,0.0,1.436,1647000660629,5.599999904632568
0.0,0.0,1.404,1647000660696,5.599999904632568
0.0,0.0,1.436,1647000660767,5.599999904632568
0.0,0.0,1.415,1647000660836,5.599999904632568
0.0,0.0,1.352,1647000660908,5.599999904632568
0.0,0.0,1.384,1647000661049,5.599999904632568
0.0,0.0,1.332,1647000661117,5.599999904632568
0.0,0.0,1.342,1647000661188,5.599999904632568
0.0,0.0,1.363,1647000661258,5.599999904632568
0.0,0.0,1.311,1647000661326,5.599999904632568
59.26344299316406,10.74696159362793,1.311,1647000661326,5.599999904632568
0.0,0.0,1.238,1647000661414,5.599999904632568
0.0,0.0,1.217,1647000661540,5.599999904632568
0.0,0.0,1.248,1647000661610,5.599999904632568
0.0,0.0,1.248,1647000661676,5.599999904632568
0.0,0.0,1.228,1647000661750,5.599999904632568
0.0,0.0,1.217,1647000661886,5.599999904632568
0.0,0.0,1.28,1647000661959,5.599999904632568
0.0,0.0,1.217,1647000662028,5.599999904632568
0.0,0.0,1.196,1647000662098,5.599999904632568
0.0,0.0,1.165,1647000662167,5.599999904632568
0.0,0.0,1.175,1647000662237,5.599999904632568
0.0,0.0,1.155,1647000662308,5.599999904632568
0.0,0.0,1.165,1647000662381,5.599999904632568
59.26344299316406,10.746953010559082,1.165,1647000662381,5.599999904632568
0.0,0.0,1.134,1647000662451,5.599999904632568
0.0,0.0,1.082,1647000662518,5.599999904632568
0.0,0.0,1.071,1647000662593,5.599999904632568
0.0,0.0,1.03,1647000662727,5.599999904632568
0.0,0.0,1.051,1647000662801,5.599999904632568
0.0,0.0,0.999,1647000662941,5.599999904632568
0.0,0.0,1.113,1647000663008,5.599999904632568
0.0,0.0,1.186,1647000663076,5.599999904632568
0.0,0.0,1.238,1647000663148,5.599999904632568
0.0,0.0,1.207,1647000663286,5.599999904632568
0.0,0.0,1.28,1647000663431,5.599999904632568
59.2634391784668,10.74694538116455,1.28,1647000663431,5.599999904632568
0.0,0.0,1.342,1647000663508,5.599999904632568
0.0,0.0,1.332,1647000663568,5.599999904632568
0.0,0.0,1.394,1647000663643,5.599999904632568
0.0,0.0,1.384,1647000663708,5.599999904632568
0.0,0.0,1.498,1647000663776,5.599999904632568
0.0,0.0,1.571,1647000663847,5.599999904632568
0.0,0.0,1.581,1647000663922,5.599999904632568
0.0,0.0,1.509,1647000663992,5.599999904632568
0.0,0.0,1.498,1647000664059,5.599999904632568
0.0,0.0,1.446,1647000664131,5.599999904632568
0.0,0.0,1.446,1647000664339,5.599999904632568
59.26343536376953,10.746939659118652,1.446,1647000664339,5.599999904632568
0.0,0.0,1.415,1647000664410,5.599999904632568
0.0,0.0,1.311,1647000664476,5.599999904632568
0.0,0.0,1.332,1647000664548,5.599999904632568
0.0,0.0,1.259,1647000664616,5.599999904632568
0.0,0.0,1.259,1647000664688,5.599999904632568
0.0,0.0,1.207,1647000664761,5.599999904632568
0.0,0.0,1.123,1647000664826,5.599999904632568
0.0,0.0,1.134,1647000664897,5.599999904632568
0.0,0.0,1.103,1647000664968,5.599999904632568
0.0,0.0,1.019,1647000665039,5.599999904632568
0.0,0.0,0.988,1647000665107,5.599999904632568
0.0,0.0,0.999,1647000665248,5.599999904632568
0.0,0.0,1.009,1647000665319,5.599999904632568
59.263431549072266,10.746932029724121,1.009,1647000665319,5.599999904632568
0.0,0.0,1.082,1647000665391,5.599999904632568
0.0,0.0,1.103,1647000665461,5.599999904632568
0.0,0.0,1.144,1647000665527,5.599999904632568
0.0,0.0,1.134,1647000665600,5.599999904632568
0.0,0.0,1.082,1647000665666,5.599999904632568
0.0,0.0,1.082,1647000665739,5.599999904632568
0.0,0.0,1.051,1647000665808,5.599999904632568
0.0,0.0,1.113,1647000665879,5.599999904632568
0.0,0.0,1.175,1647000665947,5.599999904632568
0.0,0.0,1.269,1647000666019,5.599999904632568
0.0,0.0,1.207,1647000666087,5.599999904632568
0.0,0.0,1.165,1647000666157,5.599999904632568
0.0,0.0,1.196,1647000666298,5.599999904632568
59.263427734375,10.746923446655273,1.196,1647000666298,5.599999904632568
0.0,0.0,1.186,1647000666369,5.599999904632568
0.0,0.0,1.207,1647000666438,5.599999904632568
0.0,0.0,1.217,1647000666511,5.599999904632568
0.0,0.0,1.269,1647000666579,5.599999904632568
0.0,0.0,1.332,1647000666647,5.599999904632568
0.0,0.0,1.373,1647000666721,5.599999904632568
0.0,0.0,1.446,1647000666787,5.599999904632568
0.0,0.0,1.436,1647000666856,5.599999904632568
0.0,0.0,1.352,1647000666928,5.599999904632568
0.0,0.0,1.425,1647000667005,5.599999904632568
0.0,0.0,1.477,1647000667068,5.599999904632568
0.0,0.0,1.425,1647000667152,5.599999904632568
0.0,0.0,1.498,1647000667208,5.599999904632568
0.0,0.0,1.561,1647000667276,5.599999904632568
0.0,0.0,1.602,1647000667350,5.599999904632568
59.26342010498047,10.746918678283691,1.602,1647000667350,5.599999904632568
0.0,0.0,1.665,1647000667420,5.599999904632568
0.0,0.0,1.696,1647000667490,5.599999904632568
0.0,0.0,1.654,1647000667558,5.599999904632568
0.0,0.0,1.571,1647000667628,5.599999904632568
0.0,0.0,1.665,1647000667698,5.599999904632568
0.0,0.0,1.717,1647000667779,5.599999904632568
0.0,0.0,1.737,1647000667837,5.599999904632568
0.0,0.0,1.748,1647000667908,5.599999904632568
0.0,0.0,1.842,1647000667983,5.599999904632568
0.0,0.0,1.79,1647000668046,5.599999904632568
0.0,0.0,1.706,1647000668117,5.599999904632568
0.0,0.0,1.675,1647000668187,5.599999904632568
0.0,0.0,1.581,1647000668258,5.599999904632568
0.0,0.0,1.498,1647000668328,5.599999904632568
59.26342010498047,10.746918678283691,1.498,1647000668328,5.599999904632568
0.0,0.0,1.54,1647000668403,5.599999904632568
0.0,0.0,1.602,1647000668476,5.599999904632568
0.0,0.0,1.519,1647000668541,5.599999904632568
0.0,0.0,1.561,1647000668606,5.599999904632568
0.0,0.0,1.54,1647000668676,5.599999904632568
0.0,0.0,1.561,1647000668750,5.599999904632568
0.0,0.0,1.519,1647000668816,5.599999904632568
0.0,0.0,1.509,1647000668886,5.599999904632568
0.0,0.0,1.561,1647000668958,5.599999904632568
0.0,0.0,1.55,1647000669026,5.599999904632568
0.0,0.0,1.571,1647000669096,5.599999904632568
0.0,0.0,1.665,1647000669166,5.599999904632568
0.0,0.0,1.675,1647000669236,5.599999904632568
0.0,0.0,1.592,1647000669307,5.599999904632568
59.263423919677734,10.746914863586426,1.592,1647000669307,5.599999904632568
0.0,0.0,1.561,1647000669378,5.599999904632568
0.0,0.0,1.488,1647000670358,5.599999904632568
59.26342010498047,10.746912002563477,1.488,1647000670358,5.599999904632568
0.0,0.0,1.509,1647000670637,5.599999904632568
0.0,0.0,1.425,1647000670846,5.599999904632568
0.0,0.0,1.404,1647000670917,5.599999904632568
0.0,0.0,1.342,1647000670990,5.599999904632568
0.0,0.0,1.3,1647000671058,5.599999904632568
0.0,0.0,1.28,1647000671128,5.599999904632568
0.0,0.0,1.228,1647000671196,5.599999904632568
0.0,0.0,1.113,1647000671268,5.599999904632568
0.0,0.0,1.061,1647000671340,5.599999904632568
59.2634162902832,10.746912956237793,1.061,1647000671340,5.599999904632568
0.0,0.0,1.092,1647000671421,5.599999904632568
0.0,0.0,1.082,1647000671478,5.599999904632568
0.0,0.0,1.092,1647000671554,5.599999904632568
0.0,0.0,1.03,1647000671617,5.599999904632568
0.0,0.0,1.092,1647000671688,5.599999904632568
0.0,0.0,1.134,1647000671758,5.599999904632568
0.0,0.0,1.196,1647000671828,5.599999904632568
0.0,0.0,1.228,1647000671897,5.599999904632568
0.0,0.0,1.248,1647000671969,5.599999904632568
0.0,0.0,1.28,1647000672036,5.599999904632568
0.0,0.0,1.342,1647000672106,5.599999904632568
0.0,0.0,1.363,1647000672246,5.599999904632568
59.26340866088867,10.746923446655273,1.363,1647000672246,5.599999904632568
0.0,0.0,1.404,1647000672388,5.599999904632568
0.0,0.0,1.425,1647000672460,5.599999904632568
0.0,0.0,1.54,1647000672530,5.599999904632568
0.0,0.0,1.644,1647000672810,5.599999904632568
0.0,0.0,1.717,1647000672881,5.599999904632568
0.0,0.0,1.769,1647000673036,5.599999904632568
0.0,0.0,1.758,1647000673088,5.599999904632568
0.0,0.0,1.748,1647000673156,5.599999904632568
0.0,0.0,1.821,1647000673228,5.599999904632568
0.0,0.0,1.873,1647000673297,5.599999904632568
0.0,0.0,1.862,1647000673368,5.599999904632568
59.263404846191406,10.746932029724121,1.862,1647000673368,5.599999904632568
0.0,0.0,1.904,1647000673439,5.599999904632568
0.0,0.0,1.873,1647000673508,5.599999904632568
0.0,0.0,1.852,1647000673579,5.599999904632568
0.0,0.0,1.748,1647000673646,5.599999904632568
0.0,0.0,1.706,1647000673792,5.599999904632568
0.0,0.0,1.696,1647000673859,5.599999904632568
0.0,0.0,1.654,1647000673932,5.599999904632568
0.0,0.0,1.665,1647000674207,5.599999904632568
0.0,0.0,1.675,1647000674279,5.599999904632568
0.0,0.0,1.592,1647000674349,5.599999904632568
59.26340103149414,10.746938705444336,1.592,1647000674349,5.599999904632568
0.0,0.0,1.509,1647000674421,5.599999904632568
0.0,0.0,1.498,1647000674697,5.599999904632568
0.0,0.0,1.384,1647000674770,5.599999904632568
0.0,0.0,1.415,1647000674836,5.599999904632568
0.0,0.0,1.394,1647000674980,5.599999904632568
0.0,0.0,1.498,1647000675116,5.599999904632568
0.0,0.0,1.498,1647000675186,5.599999904632568
0.0,0.0,1.446,1647000675257,5.599999904632568
0.0,0.0,1.384,1647000675327,5.599999904632568
59.263404846191406,10.746946334838867,1.384,1647000675327,5.599999904632568
0.0,0.0,1.373,1647000675398,5.599999904632568
0.0,0.0,1.425,1647000675483,5.599999904632568
0.0,0.0,1.477,1647000675606,5.599999904632568
0.0,0.0,1.592,1647000675678,5.599999904632568
0.0,0.0,1.613,1647000675760,5.599999904632568
0.0,0.0,1.717,1647000675821,5.599999904632568
0.0,0.0,1.717,1647000675888,5.599999904632568
0.0,0.0,1.79,1647000675959,5.599999904632568
0.0,0.0,1.748,1647000676027,5.599999904632568
0.0,0.0,1.758,1647000676097,5.599999904632568
0.0,0.0,1.821,1647000676168,5.599999904632568
0.0,0.0,1.914,1647000676243,5.599999904632568
0.0,0.0,1.977,1647000676386,5.599999904632568
59.26341247558594,10.746954917907715,1.977,1647000676386,5.599999904632568
0.0,0.0,1.904,1647000676394,5.599999904632568
0.0,0.0,1.914,1647000676658,5.599999904632568
0.0,0.0,1.831,1647000676754,5.599999904632568
0.0,0.0,1.748,1647000676797,5.599999904632568
0.0,0.0,1.623,1647000676868,5.599999904632568
0.0,0.0,1.519,1647000676938,5.599999904632568
0.0,0.0,1.404,1647000677006,5.599999904632568
0.0,0.0,1.384,1647000677078,5.599999904632568
0.0,0.0,1.311,1647000677146,5.599999904632568
0.0,0.0,1.228,1647000677217,5.599999904632568
0.0,0.0,1.092,1647000677286,5.599999904632568
59.26341247558594,10.746966361999512,1.092,1647000677286,5.599999904632568
0.0,0.0,1.03,1647000677431,5.599999904632568
0.0,0.0,1.051,1647000677510,5.599999904632568
0.0,0.0,1.009,1647000677636,5.599999904632568
0.0,0.0,1.082,1647000677724,5.599999904632568
0.0,0.0,1.175,1647000677776,5.599999904632568
0.0,0.0,1.217,1647000677846,5.599999904632568
0.0,0.0,1.311,1647000677986,5.599999904632568
0.0,0.0,1.415,1647000678126,5.599999904632568
0.0,0.0,1.456,1647000678196,5.599999904632568
0.0,0.0,1.498,1647000678266,5.599999904632568
0.0,0.0,1.602,1647000678340,5.599999904632568
59.26341247558594,10.746981620788574,1.602,1647000678340,5.599999904632568
0.0,0.0,1.665,1647000678408,5.599999904632568
0.0,0.0,1.675,1647000678480,5.599999904632568
0.0,0.0,1.623,1647000678551,5.599999904632568
0.0,0.0,1.592,1647000678618,5.599999904632568
0.0,0.0,1.519,1647000678758,5.599999904632568
0.0,0.0,1.456,1647000678826,5.599999904632568
0.0,0.0,1.488,1647000678896,5.599999904632568
0.0,0.0,1.446,1647000678969,5.599999904632568
0.0,0.0,1.373,1647000679036,5.599999904632568
0.0,0.0,1.28,1647000679108,5.599999904632568
0.0,0.0,1.269,1647000679246,5.599999904632568
0.0,0.0,1.196,1647000679316,5.599999904632568
59.2634162902832,10.746993064880371,1.196,1647000679316,5.599999904632568
0.0,0.0,1.113,1647000679388,5.599999904632568
0.0,0.0,1.092,1647000679596,5.599999904632568
0.0,0.0,1.113,1647000679666,5.599999904632568
0.0,0.0,1.103,1647000679807,5.599999904632568
0.0,0.0,1.175,1647000679876,5.599999904632568
0.0,0.0,1.175,1647000679946,5.599999904632568
0.0,0.0,1.123,1647000680087,5.599999904632568
0.0,0.0,1.082,1647000680156,5.599999904632568
0.0,0.0,1.061,1647000680226,5.599999904632568
0.0,0.0,1.155,1647000680298,5.599999904632568
0.0,0.0,1.113,1647000680369,5.599999904632568
59.26342010498047,10.747005462646484,1.113,1647000680369,5.599999904632568
0.0,0.0,1.092,1647000680438,5.599999904632568
0.0,0.0,1.113,1647000680508,5.599999904632568
0.0,0.0,1.082,1647000680579,5.599999904632568
0.0,0.0,1.051,1647000680653,5.599999904632568
0.0,0.0,1.051,1647000680719,5.599999904632568
0.0,0.0,0.999,1647000680789,5.599999904632568
0.0,0.0,0.957,1647000680857,5.599999904632568
0.0,0.0,1.051,1647000680926,5.599999904632568
0.0,0.0,1.061,1647000680998,5.599999904632568
0.0,0.0,1.092,1647000681070,5.599999904632568
0.0,0.0,1.071,1647000681139,5.599999904632568
0.0,0.0,1.061,1647000681208,5.599999904632568
0.0,0.0,1.144,1647000681279,5.599999904632568
0.0,0.0,1.165,1647000681350,5.599999904632568
59.26342010498047,10.747013092041016,1.165,1647000681350,5.599999904632568
0.0,0.0,1.238,1647000681420,5.599999904632568
0.0,0.0,1.248,1647000681492,5.599999904632568
0.0,0.0,1.238,1647000681629,5.599999904632568
0.0,0.0,1.248,1647000681699,5.599999904632568
0.0,0.0,1.321,1647000681773,5.599999904632568
0.0,0.0,1.29,1647000681841,5.599999904632568
0.0,0.0,1.28,1647000681909,5.599999904632568
0.0,0.0,1.269,1647000681982,5.599999904632568
0.0,0.0,1.259,1647000682050,5.599999904632568
0.0,0.0,1.269,1647000682119,5.599999904632568
0.0,0.0,1.228,1647000682189,5.599999904632568
0.0,0.0,1.165,1647000682259,5.599999904632568
0.0,0.0,1.134,1647000682329,5.599999904632568
59.263427734375,10.747024536132812,1.134,1647000682329,5.599999904632568
0.0,0.0,1.134,1647000682402,5.599999904632568
0.0,0.0,1.103,1647000682469,5.599999904632568
0.0,0.0,1.092,1647000682540,5.599999904632568
0.0,0.0,1.051,1647000682609,5.599999904632568
0.0,0.0,1.04,1647000682680,5.599999904632568
0.0,0.0,1.009,1647000682752,5.599999904632568
0.0,0.0,0.978,1647000682818,5.599999904632568
0.0,0.0,0.936,1647000682888,5.599999904632568
0.0,0.0,0.947,1647000682963,5.599999904632568
0.0,0.0,0.947,1647000683030,5.599999904632568
0.0,0.0,1.019,1647000683099,5.599999904632568
0.0,0.0,1.03,1647000683171,5.599999904632568
0.0,0.0,1.009,1647000683240,5.599999904632568
0.0,0.0,1.071,1647000683309,5.599999904632568
59.263431549072266,10.747031211853027,1.071,1647000683309,5.599999904632568
0.0,0.0,1.051,1647000683381,5.599999904632568
0.0,0.0,1.051,1647000683450,5.599999904632568
0.0,0.0,1.061,1647000683520,5.599999904632568
0.0,0.0,1.123,1647000683589,5.599999904632568
0.0,0.0,1.186,1647000683658,5.599999904632568
0.0,0.0,1.259,1647000683731,5.599999904632568
0.0,0.0,1.248,1647000683798,5.599999904632568
0.0,0.0,1.228,1647000683868,5.599999904632568
0.0,0.0,1.186,1647000683939,5.599999904632568
0.0,0.0,1.144,1647000684008,5.599999904632568
0.0,0.0,1.144,1647000684079,5.599999904632568
0.0,0.0,1.113,1647000684149,5.599999904632568
0.0,0.0,1.144,1647000684218,5.599999904632568
0.0,0.0,1.144,1647000684291,5.599999904632568
0.0,0.0,1.134,1647000684360,5.599999904632568
59.26343536376953,10.747039794921875,1.134,1647000684360,5.599999904632568
0.0,0.0,1.092,1647000684430,5.599999904632568
0.0,0.0,1.04,1647000684500,5.599999904632568
0.0,0.0,1.04,1647000684571,5.599999904632568
0.0,0.0,1.04,1647000684639,5.599999904632568
0.0,0.0,1.019,1647000684708,5.599999904632568
0.0,0.0,1.019,1647000684784,5.599999904632568
0.0,0.0,1.04,1647000684848,5.599999904632568
0.0,0.0,1.061,1647000684918,5.599999904632568
0.0,0.0,1.051,1647000685064,5.599999904632568
0.0,0.0,1.04,1647000685148,5.599999904632568
0.0,0.0,1.009,1647000685209,5.599999904632568
0.0,0.0,1.009,1647000685269,5.599999904632568
0.0,0.0,1.019,1647000685339,5.599999904632568
59.263431549072266,10.74704647064209,1.019,1647000685339,5.599999904632568
0.0,0.0,1.009,1647000685410,5.599999904632568
0.0,0.0,1.009,1647000685482,5.599999904632568
0.0,0.0,0.999,1647000685550,5.599999904632568
0.0,0.0,1.019,1647000685620,5.599999904632568
0.0,0.0,0.999,1647000685688,5.599999904632568
0.0,0.0,0.999,1647000685761,5.599999904632568
0.0,0.0,0.988,1647000685830,5.599999904632568
0.0,0.0,1.03,1647000685899,5.599999904632568
0.0,0.0,1.019,1647000685971,5.599999904632568
0.0,0.0,1.071,1647000686040,5.599999904632568
0.0,0.0,1.082,1647000686126,5.599999904632568
0.0,0.0,1.082,1647000686179,5.599999904632568
0.0,0.0,1.092,1647000686249,5.599999904632568
0.0,0.0,1.092,1647000686319,5.599999904632568
59.263427734375,10.747053146362305,1.092,1647000686319,5.599999904632568
0.0,0.0,1.082,1647000686391,5.599999904632568
0.0,0.0,1.123,1647000686460,5.599999904632568
0.0,0.0,1.186,1647000686531,5.599999904632568
0.0,0.0,1.186,1647000686605,5.599999904632568
0.0,0.0,1.186,1647000686672,5.599999904632568
0.0,0.0,1.175,1647000686743,5.599999904632568
0.0,0.0,1.217,1647000686809,5.599999904632568
0.0,0.0,1.123,1647000686879,5.599999904632568
0.0,0.0,1.123,1647000686954,5.599999904632568
0.0,0.0,1.134,1647000687019,5.599999904632568
0.0,0.0,1.175,1647000687089,5.599999904632568
0.0,0.0,1.186,1647000687159,5.599999904632568
0.0,0.0,1.186,1647000687229,5.599999904632568
0.0,0.0,1.175,1647000687299,5.599999904632568
59.263427734375,10.74704647064209,1.175,1647000687299,5.599999904632568
0.0,0.0,1.144,1647000687441,5.599999904632568
0.0,0.0,1.134,1647000687513,5.599999904632568
0.0,0.0,1.103,1647000687581,5.599999904632568
0.0,0.0,1.113,1647000687649,5.599999904632568
0.0,0.0,1.061,1647000687722,5.599999904632568
0.0,0.0,1.123,1647000687810,5.599999904632568
0.0,0.0,1.123,1647000687859,5.599999904632568
0.0,0.0,1.123,1647000687932,5.599999904632568
0.0,0.0,1.071,1647000688007,5.599999904632568
0.0,0.0,1.082,1647000688069,5.599999904632568
0.0,0.0,1.04,1647000688139,5.599999904632568
0.0,0.0,1.051,1647000688209,5.599999904632568
0.0,0.0,1.051,1647000688279,5.599999904632568
0.0,0.0,1.061,1647000688350,5.599999904632568
59.263427734375,10.747036933898926,1.061,1647000688350,5.599999904632568
0.0,0.0,1.123,1647000688421,5.599999904632568
0.0,0.0,1.092,1647000688491,5.599999904632568
0.0,0.0,1.165,1647000688559,5.599999904632568
0.0,0.0,1.113,1647000688630,5.599999904632568
0.0,0.0,1.113,1647000688698,5.599999904632568
0.0,0.0,1.103,1647000688776,5.599999904632568
0.0,0.0,1.144,1647000688839,5.599999904632568
0.0,0.0,1.144,1647000688909,5.599999904632568
0.0,0.0,1.207,1647000688980,5.599999904632568
0.0,0.0,1.207,1647000689049,5.599999904632568
0.0,0.0,1.165,1647000689120,5.599999904632568
0.0,0.0,1.217,1647000689189,5.599999904632568
0.0,0.0,1.175,1647000689259,5.599999904632568
0.0,0.0,1.269,1647000689330,5.599999904632568
59.263431549072266,10.747030258178711,1.269,1647000689330,5.599999904632568
0.0,0.0,1.228,1647000689399,5.599999904632568
0.0,0.0,1.29,1647000689470,5.599999904632568
0.0,0.0,1.28,1647000689541,5.599999904632568
0.0,0.0,1.269,1647000689612,5.599999904632568
0.0,0.0,1.207,1647000689680,5.599999904632568
0.0,0.0,1.207,1647000689752,5.599999904632568
0.0,0.0,1.175,1647000689819,5.599999904632568
0.0,0.0,1.186,1647000689889,5.599999904632568
0.0,0.0,1.269,1647000689960,5.599999904632568
0.0,0.0,1.217,1647000690030,5.599999904632568
0.0,0.0,1.228,1647000690099,5.599999904632568
0.0,0.0,1.207,1647000690170,5.599999904632568
0.0,0.0,1.217,1647000690239,5.599999904632568
0.0,0.0,1.196,1647000690309,5.599999904632568
59.263427734375,10.747021675109863,1.196,1647000690309,5.599999904632568
0.0,0.0,1.217,1647000690381,5.599999904632568
0.0,0.0,1.248,1647000690521,5.599999904632568
0.0,0.0,1.321,1647000690589,5.599999904632568
0.0,0.0,1.29,1647000690735,5.599999904632568
0.0,0.0,1.311,1647000690802,5.599999904632568
0.0,0.0,1.311,1647000690869,5.599999904632568
0.0,0.0,1.28,1647000690939,5.599999904632568
0.0,0.0,1.28,1647000691013,5.599999904632568
0.0,0.0,1.269,1647000691080,5.599999904632568
0.0,0.0,1.248,1647000691151,5.599999904632568
0.0,0.0,1.228,1647000691220,5.599999904632568
0.0,0.0,1.217,1647000691289,5.599999904632568
0.0,0.0,1.186,1647000691361,5.599999904632568
59.263431549072266,10.747013092041016,1.186,1647000691361,5.599999904632568
0.0,0.0,1.123,1647000691430,5.599999904632568
0.0,0.0,1.061,1647000691501,5.599999904632568
0.0,0.0,1.103,1647000691573,5.599999904632568
0.0,0.0,1.155,1647000691639,5.599999904632568
0.0,0.0,1.186,1647000691709,5.599999904632568
0.0,0.0,1.175,1647000691784,5.599999904632568
0.0,0.0,1.186,1647000691850,5.599999904632568
0.0,0.0,1.144,1647000691920,5.599999904632568
0.0,0.0,1.155,1647000691990,5.599999904632568
0.0,0.0,1.134,1647000692060,5.599999904632568
0.0,0.0,1.155,1647000692131,5.599999904632568
0.0,0.0,1.165,1647000692203,5.599999904632568
0.0,0.0,1.248,1647000692272,5.599999904632568
0.0,0.0,1.332,1647000692341,5.599999904632568
59.263431549072266,10.747005462646484,1.332,1647000692341,5.599999904632568
0.0,0.0,1.321,1647000692412,5.599999904632568
0.0,0.0,1.269,1647000692481,5.599999904632568
0.0,0.0,1.269,1647000692550,5.599999904632568
0.0,0.0,1.28,1647000692620,5.599999904632568
0.0,0.0,1.228,1647000692764,5.599999904632568
0.0,0.0,1.321,1647000692829,5.599999904632568
0.0,0.0,1.28,1647000692899,5.599999904632568
0.0,0.0,1.363,1647000692971,5.599999904632568
0.0,0.0,1.321,1647000693039,5.599999904632568
0.0,0.0,1.342,1647000693109,5.599999904632568
0.0,0.0,1.342,1647000693319,5.599999904632568
59.263431549072266,10.746999740600586,1.342,1647000693319,5.599999904632568
0.0,0.0,1.3,1647000693532,5.599999904632568
0.0,0.0,1.352,1647000693600,5.599999904632568
0.0,0.0,1.373,1647000693951,5.599999904632568
0.0,0.0,1.404,1647000694021,5.599999904632568
0.0,0.0,1.415,1647000694089,5.599999904632568
0.0,0.0,1.488,1647000694160,5.599999904632568
0.0,0.0,1.446,1647000694299,5.599999904632568
0.0,0.0,1.519,1647000694373,5.599999904632568
59.263431549072266,10.746990203857422,1.519,1647000694373,5.599999904632568
0.0,0.0,1.467,1647000694441,5.599999904632568
0.0,0.0,1.498,1647000694511,5.599999904632568
0.0,0.0,1.498,1647000694650,5.599999904632568
0.0,0.0,1.477,1647000694720,5.599999904632568
0.0,0.0,1.467,1647000694789,5.599999904632568
0.0,0.0,1.415,1647000694859,5.599999904632568
0.0,0.0,1.363,1647000694928,5.599999904632568
0.0,0.0,1.321,1647000695000,5.599999904632568
0.0,0.0,1.3,1647000695070,5.599999904632568
0.0,0.0,1.269,1647000695142,5.599999904632568
0.0,0.0,1.28,1647000695209,5.599999904632568
0.0,0.0,1.269,1647000695280,5.599999904632568
0.0,0.0,1.259,1647000695351,5.599999904632568
59.263427734375,10.746983528137207,1.259,1647000695351,5.599999904632568
0.0,0.0,1.259,1647000695493,5.599999904632568
0.0,0.0,1.207,1647000695561,5.599999904632568
0.0,0.0,1.228,1647000695630,5.599999904632568
0.0,0.0,1.228,1647000695699,5.599999904632568
0.0,0.0,1.259,1647000695773,5.599999904632568
0.0,0.0,1.29,1647000695838,5.599999904632568
0.0,0.0,1.3,1647000695909,5.599999904632568
0.0,0.0,1.269,1647000695982,5.599999904632568
0.0,0.0,1.29,1647000696052,5.599999904632568
0.0,0.0,1.248,1647000696119,5.599999904632568
0.0,0.0,1.207,1647000696189,5.599999904632568
0.0,0.0,1.217,1647000696259,5.599999904632568
59.263423919677734,10.746976852416992,1.217,1647000696259,5.599999904632568
0.0,0.0,1.155,1647000696470,5.599999904632568
0.0,0.0,1.207,1647000696540,5.599999904632568
0.0,0.0,1.196,1647000696611,5.599999904632568
0.0,0.0,1.134,1647000696681,5.599999904632568
0.0,0.0,1.113,1647000696752,5.599999904632568
0.0,0.0,1.082,1647000696819,5.599999904632568
0.0,0.0,1.04,1647000696889,5.599999904632568
0.0,0.0,1.071,1647000696963,5.599999904632568
0.0,0.0,1.061,1647000697034,5.599999904632568
0.0,0.0,1.03,1647000697138,5.599999904632568
0.0,0.0,1.04,1647000697175,5.599999904632568
0.0,0.0,0.999,1647000697239,5.599999904632568
0.0,0.0,1.061,1647000697309,5.599999904632568
0.0,0.0,1.04,1647000697380,5.599999904632568
59.26342010498047,10.74697208404541,1.04,1647000697380,5.599999904632568
0.0,0.0,1.051,1647000697450,5.599999904632568
0.0,0.0,1.144,1647000697522,5.599999904632568
0.0,0.0,1.123,1647000697592,5.599999904632568
0.0,0.0,1.155,1647000697661,5.599999904632568
0.0,0.0,1.186,1647000697729,5.599999904632568
0.0,0.0,1.196,1647000697803,5.599999904632568
0.0,0.0,1.144,1647000697869,5.599999904632568
0.0,0.0,1.186,1647000697939,5.599999904632568
0.0,0.0,1.186,1647000698008,5.599999904632568
0.0,0.0,1.248,1647000698080,5.599999904632568
0.0,0.0,1.269,1647000698219,5.599999904632568
0.0,0.0,1.363,1647000698289,5.599999904632568
0.0,0.0,1.436,1647000698359,5.599999904632568
59.2634162902832,10.746963500976562,1.436,1647000698359,5.599999904632568
0.0,0.0,1.342,1647000698430,5.599999904632568
0.0,0.0,1.384,1647000698501,5.599999904632568
0.0,0.0,1.394,1647000698575,5.599999904632568
0.0,0.0,1.384,1647000698641,5.599999904632568
0.0,0.0,1.425,1647000698710,5.599999904632568
0.0,0.0,1.498,1647000698780,5.599999904632568
0.0,0.0,1.498,1647000698852,5.599999904632568
0.0,0.0,1.456,1647000698919,5.599999904632568
0.0,0.0,1.446,1647000699128,5.599999904632568
0.0,0.0,1.446,1647000699200,5.599999904632568
0.0,0.0,1.446,1647000699343,5.599999904632568
59.2634162902832,10.746954917907715,1.446,1647000699343,5.599999904632568
0.0,0.0,1.352,1647000699418,5.599999904632568
0.0,0.0,1.394,1647000699480,5.599999904632568
0.0,0.0,1.394,1647000699551,5.599999904632568
0.0,0.0,1.415,1647000699620,5.599999904632568
0.0,0.0,1.436,1647000699690,5.599999904632568
0.0,0.0,1.488,1647000700249,5.599999904632568
59.2634162902832,10.746946334838867,1.488,1647000700249,5.599999904632568
0.0,0.0,1.571,1647000700460,5.599999904632568
0.0,0.0,1.581,1647000700599,5.599999904632568
0.0,0.0,1.623,1647000700670,5.599999904632568
0.0,0.0,1.644,1647000700743,5.599999904632568
0.0,0.0,1.623,1647000700809,5.599999904632568
0.0,0.0,1.55,1647000700880,5.599999904632568
0.0,0.0,1.592,1647000700950,5.599999904632568
0.0,0.0,1.602,1647000701021,5.599999904632568
0.0,0.0,1.613,1647000701089,5.599999904632568
0.0,0.0,1.592,1647000701158,5.599999904632568
0.0,0.0,1.529,1647000701374,5.599999904632568
59.2634162902832,10.74694538116455,1.529,1647000701374,5.599999904632568
0.0,0.0,1.436,1647000701442,5.599999904632568
0.0,0.0,1.394,1647000701510,5.599999904632568
0.0,0.0,1.456,1647000701650,5.599999904632568
0.0,0.0,1.55,1647000701718,5.599999904632568
0.0,0.0,1.633,1647000702213,5.599999904632568
0.0,0.0,1.737,1647000702280,5.599999904632568
0.0,0.0,1.8,1647000702350,5.599999904632568
59.2634162902832,10.746939659118652,1.8,1647000702350,5.599999904632568
0.0,0.0,1.81,1647000702559,5.599999904632568
0.0,0.0,1.79,1647000702629,5.599999904632568
0.0,0.0,1.8,1647000702699,5.599999904632568
0.0,0.0,1.821,1647000702770,5.599999904632568
0.0,0.0,1.831,1647000702852,5.599999904632568
0.0,0.0,1.883,1647000703331,5.599999904632568
59.2634162902832,10.746939659118652,1.883,1647000703331,5.599999904632568
0.0,0.0,1.914,1647000703472,5.599999904632568
0.0,0.0,1.769,1647000703679,5.599999904632568
0.0,0.0,1.665,1647000703751,5.599999904632568
0.0,0.0,1.54,1647000703819,5.599999904632568
0.0,0.0,1.519,1647000703891,5.599999904632568
0.0,0.0,1.519,1647000703960,5.599999904632568
0.0,0.0,1.581,1647000704030,5.599999904632568
0.0,0.0,1.654,1647000704168,5.599999904632568
0.0,0.0,1.675,1647000704239,5.599999904632568
0.0,0.0,1.748,1647000704309,5.599999904632568
0.0,0.0,1.748,1647000704379,5.599999904632568
59.26341247558594,10.746941566467285,1.748,1647000704379,5.599999904632568
0.0,0.0,1.79,1647000704463,5.599999904632568
0.0,0.0,1.79,1647000704523,5.599999904632568
0.0,0.0,1.925,1647000704590,5.599999904632568
0.0,0.0,2.05,1647000704659,5.599999904632568
0.0,0.0,2.206,1647000704804,5.599999904632568
0.0,0.0,2.195,1647000704871,5.599999904632568
0.0,0.0,2.279,1647000704942,5.599999904632568
0.0,0.0,2.237,1647000705220,5.599999904632568
59.26341247558594,10.746943473815918,2.237,1647000705220,5.599999904632568
0.0,0.0,2.206,1647000705362,5.599999904632568
0.0,0.0,2.143,1647000705432,5.599999904632568
0.0,0.0,2.102,1647000705502,5.599999904632568
0.0,0.0,2.102,1647000705640,5.599999904632568
0.0,0.0,2.06,1647000705848,5.599999904632568
0.0,0.0,2.018,1647000705999,5.599999904632568
0.0,0.0,2.008,1647000706059,5.599999904632568
0.0,0.0,1.987,1647000706130,5.599999904632568
0.0,0.0,1.977,1647000706269,5.599999904632568
0.0,0.0,1.987,1647000706341,5.599999904632568
59.2634162902832,10.7469482421875,1.987,1647000706341,5.599999904632568
0.0,0.0,1.925,1647000706416,5.599999904632568
0.0,0.0,1.925,1647000706691,5.599999904632568
0.0,0.0,1.935,1647000707053,5.599999904632568
0.0,0.0,1.904,1647000707108,5.599999904632568
0.0,0.0,1.935,1647000707248,5.599999904632568
59.2634162902832,10.746950149536133,1.935,1647000707248,5.599999904632568
0.0,0.0,1.925,1647000707394,5.599999904632568
0.0,0.0,1.956,1647000707473,5.599999904632568
0.0,0.0,1.966,1647000707531,5.599999904632568
0.0,0.0,1.998,1647000707601,5.599999904632568
0.0,0.0,1.977,1647000707672,5.599999904632568
0.0,0.0,1.966,1647000707741,5.599999904632568
0.0,0.0,1.935,1647000707880,5.599999904632568
0.0,0.0,1.894,1647000707951,5.599999904632568
0.0,0.0,1.925,1647000708128,5.599999904632568
0.0,0.0,1.966,1647000708161,5.599999904632568
0.0,0.0,1.998,1647000708372,5.599999904632568
59.26342010498047,10.746952056884766,1.998,1647000708372,5.599999904632568
0.0,0.0,1.998,1647000708441,5.599999904632568
0.0,0.0,1.998,1647000708652,5.599999904632568
0.0,0.0,1.998,1647000708720,5.599999904632568
0.0,0.0,2.008,1647000708791,5.599999904632568
0.0,0.0,2.008,1647000709007,5.599999904632568
0.0,0.0,1.966,1647000709071,5.599999904632568
0.0,0.0,1.966,1647000709139,5.599999904632568
0.0,0.0,1.987,1647000709208,5.599999904632568
0.0,0.0,1.904,1647000709278,5.599999904632568
0.0,0.0,1.852,1647000709348,5.599999904632568
0.0,0.0,1.748,1647000709422,5.599999904632568
0.0,0.0,1.696,1647000709491,5.599999904632568
0.0,0.0,1.602,1647000709560,5.599999904632568
0.0,0.0,1.529,1647000709629,5.599999904632568
0.0,0.0,1.425,1647000709908,5.599999904632568
0.0,0.0,1.384,1647000709981,5.599999904632568
0.0,0.0,1.332,1647000710048,5.599999904632568
0.0,0.0,1.384,1647000710119,5.599999904632568
